Company,LinkedIn URL
Apple,https://www.linkedin.com/company/apple
Microsoft,https://www.linkedin.com/company/microsoft
Samsung Electronics,https://www.linkedin.com/company/samsung-electronics
Alphabet,https://www.linkedin.com/company/alphabet-inc
AT&T,https://www.linkedin.com/company/att
Amazon,https://www.linkedin.com/company/amazon
Verizon Communications,https://www.linkedin.com/company/verizon
China Mobile,https://www.linkedin.com/company/china-mobile-international-limited
Walt Disney,https://www.linkedin.com/company/the-walt-disney-company
Facebook,https://www.linkedin.com/company/facebook
Alibaba,https://www.linkedin.com/company/chinese-alibaba-group/
Intel,https://www.linkedin.com/company/intel-corporation
Softbank,https://www.linkedin.com/company/softbank-mobile/
IBM,https://www.linkedin.com/company/ibm
Tencent Holdings,https://www.linkedin.com/company/tencentglobal
Nippon Telegraph & Tel,https://www.linkedin.com/company/nippon-telegraph-and-telephone
Cisco Systems,https://www.linkedin.com/company/cisco
Oracle,https://www.linkedin.com/company/oracle
Deutsche Telekom,https://www.linkedin.com/company/telekom
Taiwan Semiconductor,https://www.linkedin.com/company/taiwan-semiconductor
KDDI,https://www.linkedin.com/company/kddi-corporation
SAP,https://www.linkedin.com/company/sap
Telefónica,https://www.linkedin.com/company/telefonica
América Móvil,https://mx.linkedin.com/company/am-rica-m-vil
Hon Hai Precision,https://www.linkedin.com/company/hon-hai-precision
Dell,https://www.linkedin.com/company/delltechnologies
Orange,https://www.linkedin.com/company/orange
China Telecom,https://www.linkedin.com/company/china-telecom-corporation-limited
SK Hynix,https://www.linkedin.com/company/sk-hynix
Accenture,https://www.linkedin.com/company/accenture
Broadcom,https://www.linkedin.com/company/broadcom
Micron Technology,https://www.linkedin.com/company/micron-technology
Qualcomm,https://www.linkedin.com/company/qualcomm
PayPal,https://www.linkedin.com/company/paypal
China Unicom,https://www.linkedin.com/company/china-unicom
HP,https://www.linkedin.com/company/hp
BCE,https://www.linkedin.com/company/b-c-e
Tata Consultancy Services,https://www.linkedin.com/company/tata-consultancy-services
Automatic Data Processing,https://www.linkedin.com/company/asparity-decision-solutions
BT Group,https://www.linkedin.com/company/bt
Mitsubishi Electric,https://www.linkedin.com/company/mitsubishielectric
Canon,https://www.linkedin.com/company/canonusa
Booking Holdings,https://www.linkedin.com/company/bookingholdings
Saudi Telecom,https://www.linkedin.com/company/stc
JD.com,https://www.linkedin.com/company/jd.com
Texas Instruments,https://www.linkedin.com/company/texas-instruments
Netflix,https://www.linkedin.com/company/netflix
Philips,https://www.linkedin.com/company/philips
Etisalat,https://ae.linkedin.com/company/eanduae
Baidu,https://www.linkedin.com/company/baidu-inc
ASML Holding,https://www.linkedin.com/company/asml
Salesforce.com,https://www.linkedin.com/company/salesforce
Applied Materials,https://www.linkedin.com/company/applied-materials
Recruit Holdings,https://www.linkedin.com/company/recruit-holdings-co-ltd
SingTel,https://sg.linkedin.com/company/singtel
Adobe,https://www.linkedin.com/company/adobe
Xiaomi,https://www.linkedin.com/company/xiaomi-technology
Telstra,https://au.linkedin.com/company/telstra
VMware,https://www.linkedin.com/company/vmware
TE Connectivity,https://www.linkedin.com/company/te-connectivity
SK Holdings,https://www.linkedin.com/company/sk
Murata Manufacturing,https://www.linkedin.com/company/murata-electronics
Cognizant,https://www.linkedin.com/company/cognizant
NVIDIA,https://www.linkedin.com/company/nvidia
eBay,https://www.linkedin.com/company/ebay
Telenor,https://www.linkedin.com/company/telenor-group/
Vodafone,https://uk.linkedin.com/company/vodafone
SK Telecom,https://www.linkedin.com/company/sk-telecom/
Vivendi,https://www.linkedin.com/company/vivendi/
Naspers,https://za.linkedin.com/company/nasperslimited
Infosys,https://uk.linkedin.com/company/infosys
China Tower Corp.,https://www.linkedin.com/company/china-tower-corporation-limited
Swisscom,https://www.linkedin.com/company/swisscom/
Corning,https://www.linkedin.com/company/corning-incorporated
Fidelity National Information,https://www.linkedin.com/company/fis
Rogers Communications,https://ca.linkedin.com/company/rogers-communications
Nintendo,https://www.linkedin.com/company/nintendo
Kyocera,https://www.linkedin.com/company/kyocera-north-america
NXP Semiconductors,https://www.linkedin.com/company/nxp-semiconductors
DISH Network,https://www.linkedin.com/company/dish-network
Rakuten,https://www.linkedin.com/company/rakuten/
Altice Europe,https://www.linkedin.com/company/altice-group
TELUS,https://ca.linkedin.com/company/telus
Capgemini,https://www.linkedin.com/company/capgemini
Activision Blizzard,https://www.linkedin.com/company/activision-blizzard
Analog Devices,https://www.linkedin.com/company/analog-devices
Lam Research,https://www.linkedin.com/company/lam-research
DXC Technology,https://www.linkedin.com/company/dxctechnology
Legend Holding,https://www.linkedin.com/company/legend-holdings
Lenovo Group,https://www.linkedin.com/company/lenovo
NetEase,https://www.linkedin.com/company/netease
Tokyo Electron,https://www.linkedin.com/company/tokyo-electron
Keyence,https://www.linkedin.com/company/keyence
Telkom Indonesia,https://www.linkedin.com/company/telekomunikasi-indonesia/
Nokia,https://www.linkedin.com/company/nokia
Fortive,https://www.linkedin.com/company/fortive
Ericsson,https://www.linkedin.com/company/ericsson
Fiserv,https://www.linkedin.com/company/fiserv
Fujitsu,https://www.linkedin.com/company/fujitsu
Hewlett Packard Enterprise,https://www.linkedin.com/company/hewlett-packard-enterprise
